authors,published_parsed,updated_parsed,primary_category,tagged_categories,weights,pages,references
"[u'Leo Speidel', u'Heather A. Harrington', u'S. Jonathan Chapman', u'Mason A. Porter']","time.struct_time(tm_year=2018, tm_mon=4, tm_mday=20, tm_hour=17, tm_min=17, tm_sec=26, tm_wday=4, tm_yday=110, tm_isdst=0)","time.struct_time(tm_year=2018, tm_mon=4, tm_mday=20, tm_hour=17, tm_min=17, tm_sec=26, tm_wday=4, tm_yday=110, tm_isdst=0)",cond-mat.stat-mech,"[u'cond-mat.stat-mech', u'cond-mat.dis-nn', u'math.AT', u'nlin.AO', u'physics.data-an']",0.3333333333333333,12,41
"[u'Patrick S. Medina', u'R. W. Doerge']","time.struct_time(tm_year=2016, tm_mon=7, tm_mday=18, tm_hour=16, tm_min=0, tm_sec=5, tm_wday=0, tm_yday=200, tm_isdst=0)","time.struct_time(tm_year=2016, tm_mon=7, tm_mday=18, tm_hour=16, tm_min=0, tm_sec=5, tm_wday=0, tm_yday=200, tm_isdst=0)",stat.AP,"[u'stat.AP', u'stat.OT']",1.0,14,21
"[u'Jennifer Kloke', u'Gunnar Carlsson']","time.struct_time(tm_year=2009, tm_mon=10, tm_mday=30, tm_hour=19, tm_min=8, tm_sec=44, tm_wday=4, tm_yday=303, tm_isdst=0)","time.struct_time(tm_year=2010, tm_mon=2, tm_mday=8, tm_hour=23, tm_min=50, tm_sec=41, tm_wday=0, tm_yday=39, tm_isdst=0)",cs.CG,"[u'cs.CG', u'cs.NA']",1.0,13,14
"[u'Marco Piangerelli', u'Matteo Rucco', u'Emanuela Merelli']","time.struct_time(tm_year=2016, tm_mon=11, tm_mday=12, tm_hour=10, tm_min=11, tm_sec=30, tm_wday=5, tm_yday=317, tm_isdst=0)","time.struct_time(tm_year=2016, tm_mon=11, tm_mday=12, tm_hour=10, tm_min=11, tm_sec=30, tm_wday=5, tm_yday=317, tm_isdst=0)",q-bio.NC,"[u'q-bio.NC', u'cs.IT', u'math.IT', u'I.5.2']",0.5,21,37
"[u'Fr\xe9d\xe9ric Chazal', u'Marc Glisse', u'Catherine Labru\xe8re', u'Bertrand Michel']","time.struct_time(tm_year=2013, tm_mon=5, tm_mday=27, tm_hour=14, tm_min=37, tm_sec=29, tm_wday=0, tm_yday=147, tm_isdst=0)","time.struct_time(tm_year=2013, tm_mon=5, tm_mday=27, tm_hour=14, tm_min=37, tm_sec=29, tm_wday=0, tm_yday=147, tm_isdst=0)",math.ST,"[u'math.ST', u'cs.CG', u'cs.LG', u'math.GT', u'stat.TH']",0.3333333333333333,30,46
[u'Larry Wasserman'],"time.struct_time(tm_year=2016, tm_mon=9, tm_mday=27, tm_hour=0, tm_min=19, tm_sec=27, tm_wday=1, tm_yday=271, tm_isdst=0)","time.struct_time(tm_year=2016, tm_mon=9, tm_mday=27, tm_hour=0, tm_min=19, tm_sec=27, tm_wday=1, tm_yday=271, tm_isdst=0)",stat.ME,[u'stat.ME'],0.0,42,181
"[u'He-Liang Huang', u'Xi-Lin Wang', u'Peter P. Rohde', u'Yi-Han Luo', u'You-Wei Zhao', u'Chang Liu', u'Li Li', u'Nai-Le Liu', u'Chao-Yang Lu', u'Jian-Wei Pan']","time.struct_time(tm_year=2018, tm_mon=1, tm_mday=19, tm_hour=6, tm_min=50, tm_sec=57, tm_wday=4, tm_yday=19, tm_isdst=0)","time.struct_time(tm_year=2018, tm_mon=1, tm_mday=19, tm_hour=6, tm_min=50, tm_sec=57, tm_wday=4, tm_yday=19, tm_isdst=0)",quant-ph,"[u'quant-ph', u'cs.AI']",0.1111111111111111,12,58
"[u'Rodrigo de Souza Couto', u'Stefano Secci', u'Miguel Elias Mitre Campista', u'Lu\xeds Henrique Maciel Kosmalski Costa']","time.struct_time(tm_year=2015, tm_mon=10, tm_mday=9, tm_hour=16, tm_min=45, tm_sec=44, tm_wday=4, tm_yday=282, tm_isdst=0)","time.struct_time(tm_year=2015, tm_mon=10, tm_mday=14, tm_hour=18, tm_min=8, tm_sec=57, tm_wday=2, tm_yday=287, tm_isdst=0)",cs.NI,[u'cs.NI'],0.3333333333333333,46,34
"[u'Andrew Tausz', u'Gunnar Carlsson']","time.struct_time(tm_year=2011, tm_mon=8, tm_mday=17, tm_hour=18, tm_min=44, tm_sec=38, tm_wday=2, tm_yday=229, tm_isdst=0)","time.struct_time(tm_year=2011, tm_mon=8, tm_mday=17, tm_hour=18, tm_min=44, tm_sec=38, tm_wday=2, tm_yday=229, tm_isdst=0)",cs.CG,[u'cs.CG'],1.0,23,13
"[u'Kelin Xia', u'Guo-Wei Wei']","time.struct_time(tm_year=2014, tm_mon=12, tm_mday=7, tm_hour=16, tm_min=58, tm_sec=33, tm_wday=6, tm_yday=341, tm_isdst=0)","time.struct_time(tm_year=2014, tm_mon=12, tm_mday=7, tm_hour=16, tm_min=58, tm_sec=33, tm_wday=6, tm_yday=341, tm_isdst=0)",q-bio.BM,[u'q-bio.BM'],1.0,34,108
"[u'Caren Marzban', u'Ulvi Yurtsever']","time.struct_time(tm_year=2011, tm_mon=5, tm_mday=12, tm_hour=21, tm_min=24, tm_sec=22, tm_wday=3, tm_yday=132, tm_isdst=0)","time.struct_time(tm_year=2011, tm_mon=5, tm_mday=12, tm_hour=21, tm_min=24, tm_sec=22, tm_wday=3, tm_yday=132, tm_isdst=0)",stat.OT,[u'stat.OT'],1.0,28,23
"[u'Peter Bubenik', u'Tane Vergili']","time.struct_time(tm_year=2018, tm_mon=2, tm_mday=22, tm_hour=15, tm_min=56, tm_sec=39, tm_wday=3, tm_yday=53, tm_isdst=0)","time.struct_time(tm_year=2018, tm_mon=2, tm_mday=22, tm_hour=15, tm_min=56, tm_sec=39, tm_wday=3, tm_yday=53, tm_isdst=0)",math.AT,"[u'math.AT', u'math.GN', u'55N99, 54A05, 18A25']",1.0,30,35
[u'Alexander Reznikov'],"time.struct_time(tm_year=2000, tm_mon=1, tm_mday=25, tm_hour=13, tm_min=4, tm_sec=58, tm_wday=1, tm_yday=25, tm_isdst=0)","time.struct_time(tm_year=2000, tm_mon=1, tm_mday=25, tm_hour=13, tm_min=4, tm_sec=58, tm_wday=1, tm_yday=25, tm_isdst=0)",math.DG,"[u'math.DG', u'math.AG', u'math.FA', u'math.GT', u'math.OA', u'math.RT', u'math.SG']",0.0,126,104
"[u'Seth Lloyd', u'Silvano Garnerone', u'Paolo Zanardi']","time.struct_time(tm_year=2014, tm_mon=8, tm_mday=13, tm_hour=19, tm_min=55, tm_sec=58, tm_wday=2, tm_yday=225, tm_isdst=0)","time.struct_time(tm_year=2015, tm_mon=12, tm_mday=15, tm_hour=21, tm_min=20, tm_sec=23, tm_wday=1, tm_yday=349, tm_isdst=0)",quant-ph,[u'quant-ph'],0.5,20,41
[u'Michele Cirafici'],"time.struct_time(tm_year=2015, tm_mon=12, tm_mday=3, tm_hour=17, tm_min=35, tm_sec=26, tm_wday=3, tm_yday=337, tm_isdst=0)","time.struct_time(tm_year=2015, tm_mon=12, tm_mday=3, tm_hour=17, tm_min=35, tm_sec=26, tm_wday=3, tm_yday=337, tm_isdst=0)",hep-th,"[u'hep-th', u'math-ph', u'math.AT', u'math.MP']",0.0,33,42
"[u'Vic Patrangenaru', u'Peter Bubenik', u'Robert L. Paige', u'Daniel Osborne']","time.struct_time(tm_year=2018, tm_mon=4, tm_mday=26, tm_hour=19, tm_min=30, tm_sec=50, tm_wday=3, tm_yday=116, tm_isdst=0)","time.struct_time(tm_year=2018, tm_mon=4, tm_mday=26, tm_hour=19, tm_min=30, tm_sec=50, tm_wday=3, tm_yday=116, tm_isdst=0)",stat.ME,"[u'stat.ME', u'math.AT']",0.3333333333333333,16,61
"[u'Lin Yan', u'Yaodong Zhao', u'Paul Rosen', u'Carlos Scheidegger', u'Bei Wang']","time.struct_time(tm_year=2018, tm_mon=6, tm_mday=22, tm_hour=0, tm_min=44, tm_sec=23, tm_wday=4, tm_yday=173, tm_isdst=0)","time.struct_time(tm_year=2018, tm_mon=6, tm_mday=22, tm_hour=0, tm_min=44, tm_sec=23, tm_wday=4, tm_yday=173, tm_isdst=0)",cs.CG,"[u'cs.CG', u'cs.GR']",0.25,19,77
"[u'Bartosz Zielinski', u'Mateusz Juda', u'Matthias Zeppelzauer']","time.struct_time(tm_year=2018, tm_mon=2, tm_mday=13, tm_hour=20, tm_min=49, tm_sec=1, tm_wday=1, tm_yday=44, tm_isdst=0)","time.struct_time(tm_year=2018, tm_mon=2, tm_mday=22, tm_hour=11, tm_min=38, tm_sec=1, tm_wday=3, tm_yday=53, tm_isdst=0)",stat.ML,"[u'stat.ML', u'cs.LG', u'math.AT']",0.5,10,85
[u'Frol Zapolsky'],"time.struct_time(tm_year=2009, tm_mon=3, tm_mday=15, tm_hour=18, tm_min=42, tm_sec=2, tm_wday=6, tm_yday=74, tm_isdst=0)","time.struct_time(tm_year=2009, tm_mon=3, tm_mday=15, tm_hour=18, tm_min=42, tm_sec=2, tm_wday=6, tm_yday=74, tm_isdst=0)",math.GN,"[u'math.GN', u'math.FA', u'28C15; 57M50']",0.0,26,10
"[u'Kelin Xia', u'Zhixiong Zhao', u'Guo-Wei Wei']","time.struct_time(tm_year=2015, tm_mon=3, tm_mday=31, tm_hour=20, tm_min=47, tm_sec=59, tm_wday=1, tm_yday=90, tm_isdst=0)","time.struct_time(tm_year=2015, tm_mon=3, tm_mday=31, tm_hour=20, tm_min=47, tm_sec=59, tm_wday=1, tm_yday=90, tm_isdst=0)",q-bio.BM,[u'q-bio.BM'],0.5,22,38
"[u'Hoan Tran Quoc', u'Yoshihiko Hasegawa']","time.struct_time(tm_year=2018, tm_mon=3, tm_mday=1, tm_hour=4, tm_min=34, tm_sec=25, tm_wday=3, tm_yday=60, tm_isdst=0)","time.struct_time(tm_year=2018, tm_mon=3, tm_mday=16, tm_hour=5, tm_min=13, tm_sec=0, tm_wday=4, tm_yday=75, tm_isdst=0)",physics.data-an,[u'physics.data-an'],1.0,13,10
"[u'Peter Bubenik', u'Pawel Dlotko']","time.struct_time(tm_year=2014, tm_mon=12, tm_mday=31, tm_hour=17, tm_min=34, tm_sec=59, tm_wday=2, tm_yday=365, tm_isdst=0)","time.struct_time(tm_year=2015, tm_mon=8, tm_mday=28, tm_hour=17, tm_min=16, tm_sec=40, tm_wday=4, tm_yday=240, tm_isdst=0)",cs.CG,"[u'cs.CG', u'cs.MS', u'math.AT', u'stat.CO']",1.0,24,57
"[u'Chad M. Topaz', u'Lori Ziegelmeier', u'Tom Halverson']","time.struct_time(tm_year=2014, tm_mon=12, tm_mday=19, tm_hour=16, tm_min=44, tm_sec=3, tm_wday=4, tm_yday=353, tm_isdst=0)","time.struct_time(tm_year=2015, tm_mon=3, tm_mday=11, tm_hour=16, tm_min=54, tm_sec=37, tm_wday=2, tm_yday=70, tm_isdst=0)",q-bio.QM,"[u'q-bio.QM', u'math.AT', u'nlin.AO']",0.5,25,50
"[u'Hamed Haddadi', u'Damien Fay', u'Almerima Jamakovic', u'Olaf Maennel', u'Andrew W. Moore', u'Richard Mortier', u'Miguel Rio', u'Steve Uhlig']","time.struct_time(tm_year=2008, tm_mon=7, tm_mday=13, tm_hour=11, tm_min=4, tm_sec=59, tm_wday=6, tm_yday=195, tm_isdst=0)","time.struct_time(tm_year=2008, tm_mon=7, tm_mday=13, tm_hour=11, tm_min=4, tm_sec=59, tm_wday=6, tm_yday=195, tm_isdst=0)",cs.NI,"[u'cs.NI', u'C.2.1; I.6.4']",0.14285714285714285,14,38
[u'Justin Curry'],"time.struct_time(tm_year=2014, tm_mon=11, tm_mday=3, tm_hour=19, tm_min=13, tm_sec=46, tm_wday=0, tm_yday=307, tm_isdst=0)","time.struct_time(tm_year=2015, tm_mon=3, tm_mday=4, tm_hour=17, tm_min=18, tm_sec=33, tm_wday=2, tm_yday=63, tm_isdst=0)",math.AT,[u'math.AT'],0.0,30,35
"[u'Aviv Censor', u'Daniele Grandini']","time.struct_time(tm_year=2011, tm_mon=1, tm_mday=17, tm_hour=14, tm_min=8, tm_sec=17, tm_wday=0, tm_yday=17, tm_isdst=0)","time.struct_time(tm_year=2011, tm_mon=1, tm_mday=17, tm_hour=14, tm_min=8, tm_sec=17, tm_wday=0, tm_yday=17, tm_isdst=0)",math.FA,"[u'math.FA', u'math.CT', u'22A22, 28A50']",1.0,32,12
[u'Marian Gidea'],"time.struct_time(tm_year=2017, tm_mon=1, tm_mday=21, tm_hour=20, tm_min=37, tm_sec=52, tm_wday=5, tm_yday=21, tm_isdst=0)","time.struct_time(tm_year=2017, tm_mon=1, tm_mday=21, tm_hour=20, tm_min=37, tm_sec=52, tm_wday=5, tm_yday=21, tm_isdst=0)",q-fin.MF,"[u'q-fin.MF', u'math.DS', u'physics.soc-ph']",0.0,13,20
"[u'Naoki Hamada', u'Keisuke Goto']","time.struct_time(tm_year=2018, tm_mon=4, tm_mday=19, tm_hour=14, tm_min=3, tm_sec=0, tm_wday=3, tm_yday=109, tm_isdst=0)","time.struct_time(tm_year=2018, tm_mon=4, tm_mday=19, tm_hour=14, tm_min=3, tm_sec=0, tm_wday=3, tm_yday=109, tm_isdst=0)",cs.NE,"[u'cs.NE', u'math.OC']",1.0,8,22
[u'Massimo Ferri'],"time.struct_time(tm_year=2017, tm_mon=6, tm_mday=1, tm_hour=17, tm_min=54, tm_sec=18, tm_wday=3, tm_yday=152, tm_isdst=0)","time.struct_time(tm_year=2017, tm_mon=8, tm_mday=18, tm_hour=9, tm_min=51, tm_sec=17, tm_wday=4, tm_yday=230, tm_isdst=0)",math.AT,[u'math.AT'],0.0,18,51
"[u'Kelin Xia', u'Guo-Wei Wei']","time.struct_time(tm_year=2014, tm_mon=12, tm_mday=24, tm_hour=14, tm_min=53, tm_sec=8, tm_wday=2, tm_yday=358, tm_isdst=0)","time.struct_time(tm_year=2014, tm_mon=12, tm_mday=24, tm_hour=14, tm_min=53, tm_sec=8, tm_wday=2, tm_yday=358, tm_isdst=0)",q-bio.BM,[u'q-bio.BM'],1.0,32,117
"[u'Scott Balchin', u'Etienne Pillin']","time.struct_time(tm_year=2015, tm_mon=3, tm_mday=16, tm_hour=12, tm_min=7, tm_sec=34, tm_wday=0, tm_yday=75, tm_isdst=0)","time.struct_time(tm_year=2015, tm_mon=3, tm_mday=16, tm_hour=12, tm_min=7, tm_sec=34, tm_wday=0, tm_yday=75, tm_isdst=0)",math.GN,[u'math.GN'],1.0,17,11
[u'Steven P. Ellis'],"time.struct_time(tm_year=2017, tm_mon=9, tm_mday=6, tm_hour=10, tm_min=3, tm_sec=3, tm_wday=2, tm_yday=249, tm_isdst=0)","time.struct_time(tm_year=2017, tm_mon=9, tm_mday=6, tm_hour=10, tm_min=3, tm_sec=3, tm_wday=2, tm_yday=249, tm_isdst=0)",stat.AP,"[u'stat.AP', u'q-bio.QM', u'92C40, 62M99']",0.0,10,5
"[u'Andrew Tausz', u'Gunnar Carlsson']","time.struct_time(tm_year=2011, tm_mon=7, tm_mday=4, tm_hour=1, tm_min=36, tm_sec=49, tm_wday=0, tm_yday=185, tm_isdst=0)","time.struct_time(tm_year=2011, tm_mon=8, tm_mday=17, tm_hour=19, tm_min=0, tm_sec=48, tm_wday=2, tm_yday=229, tm_isdst=0)",cs.CG,[u'cs.CG'],1.0,19,15
[u'Leonid Polterovich'],"time.struct_time(tm_year=2017, tm_mon=10, tm_mday=9, tm_hour=8, tm_min=18, tm_sec=58, tm_wday=0, tm_yday=282, tm_isdst=0)","time.struct_time(tm_year=2017, tm_mon=10, tm_mday=26, tm_hour=21, tm_min=21, tm_sec=43, tm_wday=3, tm_yday=299, tm_isdst=0)",math-ph,"[u'math-ph', u'math.AT', u'math.MP', u'81Sxx, 55U99']",0.0,27,23
[u'Carlos Vargas'],"time.struct_time(tm_year=2017, tm_mon=8, tm_mday=21, tm_hour=3, tm_min=59, tm_sec=8, tm_wday=0, tm_yday=233, tm_isdst=0)","time.struct_time(tm_year=2017, tm_mon=9, tm_mday=8, tm_hour=13, tm_min=43, tm_sec=25, tm_wday=4, tm_yday=251, tm_isdst=0)",math.AT,"[u'math.AT', u'46L54, 55U10']",0.0,33,69
"[u'Christoph Hofer', u'Roland Kwitt', u'Marc Niethammer', u'Andreas Uhl']","time.struct_time(tm_year=2017, tm_mon=7, tm_mday=13, tm_hour=9, tm_min=36, tm_sec=5, tm_wday=3, tm_yday=194, tm_isdst=0)","time.struct_time(tm_year=2018, tm_mon=2, tm_mday=16, tm_hour=7, tm_min=12, tm_sec=19, tm_wday=4, tm_yday=47, tm_isdst=0)",cs.CV,"[u'cs.CV', u'cs.LG', u'math.AT']",0.3333333333333333,14,31
"[u'Guido Cavraro', u'Reza Arghandeh', u'Alexandra von Meier']","time.struct_time(tm_year=2015, tm_mon=4, tm_mday=22, tm_hour=19, tm_min=6, tm_sec=13, tm_wday=2, tm_yday=112, tm_isdst=0)","time.struct_time(tm_year=2015, tm_mon=4, tm_mday=22, tm_hour=19, tm_min=6, tm_sec=13, tm_wday=2, tm_yday=112, tm_isdst=0)",cs.SY,[u'cs.SY'],0.5,9,20
"[u'Genki Kusano', u'Kenji Fukumizu', u'Yasuaki Hiraoka']","time.struct_time(tm_year=2016, tm_mon=1, tm_mday=8, tm_hour=1, tm_min=29, tm_sec=28, tm_wday=4, tm_yday=8, tm_isdst=0)","time.struct_time(tm_year=2016, tm_mon=4, tm_mday=26, tm_hour=11, tm_min=7, tm_sec=28, tm_wday=1, tm_yday=117, tm_isdst=0)",math.AT,[u'math.AT'],0.5,26,30
"[u'Guido Cavraro', u'Reza Arghandeh', u'Alexandra von Meier', u'Kameshwar Poolla']","time.struct_time(tm_year=2015, tm_mon=4, tm_mday=3, tm_hour=1, tm_min=54, tm_sec=17, tm_wday=4, tm_yday=93, tm_isdst=0)","time.struct_time(tm_year=2015, tm_mon=4, tm_mday=3, tm_hour=1, tm_min=54, tm_sec=17, tm_wday=4, tm_yday=93, tm_isdst=0)",cs.SY,[u'cs.SY'],0.3333333333333333,5,14
"[u'Guillaume Favelier', u'Charles Gueunet', u'Attila Gyulassy', u'Julien Kitware', u'Joshua Levine', u'Jonas Lukasczyk', u'Daisuke Sakurai', u'Maxime Soler', u'Julien Tierny', u'Will Usher', u'Qi Wu']","time.struct_time(tm_year=2018, tm_mon=6, tm_mday=21, tm_hour=9, tm_min=18, tm_sec=58, tm_wday=3, tm_yday=172, tm_isdst=0)","time.struct_time(tm_year=2018, tm_mon=6, tm_mday=21, tm_hour=9, tm_min=18, tm_sec=58, tm_wday=3, tm_yday=172, tm_isdst=0)",cs.DM,"[u'cs.DM', u'cs.CG', u'cs.CV', u'cs.GR']",0.1,3,42
"[u'Genki Kusano', u'Kenji Fukumizu', u'Yasuaki Hiraoka']","time.struct_time(tm_year=2017, tm_mon=6, tm_mday=12, tm_hour=5, tm_min=44, tm_sec=9, tm_wday=0, tm_yday=163, tm_isdst=0)","time.struct_time(tm_year=2017, tm_mon=6, tm_mday=12, tm_hour=5, tm_min=44, tm_sec=9, tm_wday=0, tm_yday=163, tm_isdst=0)",stat.ML,"[u'stat.ML', u'math.AT', u'physics.data-an']",0.5,30,80
"[u'Paul Bendich', u'Sang Chin', u'Jesse Clarke', u'Jonathan deSena', u'John Harer', u'Elizabeth Munch', u'Andrew Newman', u'David Porter', u'David Rouse', u'Nate Strawn', u'Adam Watkins']","time.struct_time(tm_year=2014, tm_mon=6, tm_mday=1, tm_hour=23, tm_min=7, tm_sec=37, tm_wday=6, tm_yday=152, tm_isdst=0)","time.struct_time(tm_year=2014, tm_mon=6, tm_mday=1, tm_hour=23, tm_min=7, tm_sec=37, tm_wday=6, tm_yday=152, tm_isdst=0)",cs.SY,"[u'cs.SY', u'math.AT', u'stat.ML']",0.1,13,22
"[u'Robin Lynne Belton', u'Brittany Terese Fasy', u'Rostik Mertz', u'Samuel Micka', u'David L. Millman', u'Daniel Salinas', u'Anna Schenfisch', u'Jordan Schupbach', u'Lucia Williams']","time.struct_time(tm_year=2018, tm_mon=5, tm_mday=27, tm_hour=23, tm_min=54, tm_sec=59, tm_wday=6, tm_yday=147, tm_isdst=0)","time.struct_time(tm_year=2018, tm_mon=5, tm_mday=27, tm_hour=23, tm_min=54, tm_sec=59, tm_wday=6, tm_yday=147, tm_isdst=0)",cs.CG,"[u'cs.CG', u'math.AT']",0.125,11,17
[u'Matthew Zabka'],"time.struct_time(tm_year=2016, tm_mon=5, tm_mday=26, tm_hour=3, tm_min=5, tm_sec=2, tm_wday=3, tm_yday=147, tm_isdst=0)","time.struct_time(tm_year=2017, tm_mon=5, tm_mday=10, tm_hour=0, tm_min=45, tm_sec=17, tm_wday=2, tm_yday=130, tm_isdst=0)",math.AT,[u'math.AT'],0.0,8,4
"[u'Micha\u0142 Zasadzi\u0144ski', u'Victor Munt\xe9s-Mulero', u'Marc Sol\xe9', u'Thomas Ludwig']","time.struct_time(tm_year=2018, tm_mon=1, tm_mday=23, tm_hour=15, tm_min=51, tm_sec=50, tm_wday=1, tm_yday=23, tm_isdst=0)","time.struct_time(tm_year=2018, tm_mon=1, tm_mday=23, tm_hour=15, tm_min=51, tm_sec=50, tm_wday=1, tm_yday=23, tm_isdst=0)",cs.DC,[u'cs.DC'],0.3333333333333333,16,2
[u'Fionn Murtagh'],"time.struct_time(tm_year=2010, tm_mon=8, tm_mday=20, tm_hour=23, tm_min=7, tm_sec=54, tm_wday=4, tm_yday=232, tm_isdst=0)","time.struct_time(tm_year=2010, tm_mon=8, tm_mday=20, tm_hour=23, tm_min=7, tm_sec=54, tm_wday=4, tm_yday=232, tm_isdst=0)",cs.LO,"[u'cs.LO', u'cs.LG', u'stat.ML', u'91C20, 62-07, 03-XX', u'I.5.3; F.4.0']",0.0,19,37
[u'I. Volobouev'],"time.struct_time(tm_year=2009, tm_mon=7, tm_mday=2, tm_hour=0, tm_min=56, tm_sec=12, tm_wday=3, tm_yday=183, tm_isdst=0)","time.struct_time(tm_year=2009, tm_mon=7, tm_mday=2, tm_hour=0, tm_min=56, tm_sec=12, tm_wday=3, tm_yday=183, tm_isdst=0)",hep-ex,"[u'hep-ex', u'physics.data-an']",0.0,27,33
"[u'Nicholas A. Scoville', u'Karthik Yegnesh']","time.struct_time(tm_year=2016, tm_mon=12, tm_mday=15, tm_hour=20, tm_min=37, tm_sec=56, tm_wday=3, tm_yday=350, tm_isdst=0)","time.struct_time(tm_year=2016, tm_mon=12, tm_mday=15, tm_hour=20, tm_min=37, tm_sec=56, tm_wday=3, tm_yday=350, tm_isdst=0)",math.AT,"[u'math.AT', u'05C82, 54B40, 18F20']",1.0,12,11
"[u'Pawe\u0142 D\u0142otko', u'Thomas Wanner']","time.struct_time(tm_year=2015, tm_mon=8, tm_mday=24, tm_hour=16, tm_min=4, tm_sec=37, tm_wday=0, tm_yday=236, tm_isdst=0)","time.struct_time(tm_year=2015, tm_mon=8, tm_mday=24, tm_hour=16, tm_min=4, tm_sec=37, tm_wday=0, tm_yday=236, tm_isdst=0)",math.NA,"[u'math.NA', u'math-ph', u'math.AP', u'math.AT', u'math.DS', u'math.MP']",1.0,32,35
"[u'Reza Arghandeh', u'Martin Gahr', u'Alexandra von Meier', u'Guido Cavraro', u'Monika Ruh', u'G\xf6ran Andersson']","time.struct_time(tm_year=2015, tm_mon=1, tm_mday=8, tm_hour=0, tm_min=5, tm_sec=14, tm_wday=3, tm_yday=8, tm_isdst=0)","time.struct_time(tm_year=2015, tm_mon=1, tm_mday=8, tm_hour=0, tm_min=5, tm_sec=14, tm_wday=3, tm_yday=8, tm_isdst=0)",cs.SY,"[u'cs.SY', u'physics.data-an']",0.2,5,7
"[u'Alireza Dirafzoon', u'Alper Bozkurt', u'Edgar Lobaton']","time.struct_time(tm_year=2015, tm_mon=7, tm_mday=12, tm_hour=9, tm_min=3, tm_sec=14, tm_wday=6, tm_yday=193, tm_isdst=0)","time.struct_time(tm_year=2015, tm_mon=9, tm_mday=29, tm_hour=20, tm_min=10, tm_sec=38, tm_wday=1, tm_yday=272, tm_isdst=0)",cs.RO,[u'cs.RO'],0.5,21,45
"[u'Joachim Krieger', u'Joules Nahas']","time.struct_time(tm_year=2012, tm_mon=12, tm_mday=19, tm_hour=11, tm_min=47, tm_sec=21, tm_wday=2, tm_yday=354, tm_isdst=0)","time.struct_time(tm_year=2014, tm_mon=1, tm_mday=17, tm_hour=12, tm_min=13, tm_sec=28, tm_wday=4, tm_yday=17, tm_isdst=0)",math.AP,[u'math.AP'],1.0,16,34
"[u'Marco Hien', u'Claude Sabbah']","time.struct_time(tm_year=2014, tm_mon=5, tm_mday=21, tm_hour=6, tm_min=51, tm_sec=52, tm_wday=2, tm_yday=141, tm_isdst=0)","time.struct_time(tm_year=2015, tm_mon=3, tm_mday=4, tm_hour=17, tm_min=27, tm_sec=36, tm_wday=2, tm_yday=63, tm_isdst=0)",math.AG,"[u'math.AG', u'math.CA', u'math.CV', u'14D07, 34M40']",1.0,57,26
"[u'Tullia Padellini', u'Pierpaolo Brutti']","time.struct_time(tm_year=2017, tm_mon=9, tm_mday=20, tm_hour=23, tm_min=5, tm_sec=0, tm_wday=2, tm_yday=263, tm_isdst=0)","time.struct_time(tm_year=2017, tm_mon=9, tm_mday=20, tm_hour=23, tm_min=5, tm_sec=0, tm_wday=2, tm_yday=263, tm_isdst=0)",stat.ML,"[u'stat.ML', u'math.ST', u'stat.TH']",1.0,16,32
"[u'Kelin Xia', u'Guo-Wei Wei']","time.struct_time(tm_year=2016, tm_mon=12, tm_mday=6, tm_hour=10, tm_min=24, tm_sec=37, tm_wday=1, tm_yday=341, tm_isdst=0)","time.struct_time(tm_year=2016, tm_mon=12, tm_mday=6, tm_hour=10, tm_min=24, tm_sec=37, tm_wday=1, tm_yday=341, tm_isdst=0)",q-bio.BM,"[u'q-bio.BM', u'math.AT']",1.0,76,320
"[u'Amir Hossein Goudarzi', u'Nasser Ghadiri']","time.struct_time(tm_year=2017, tm_mon=4, tm_mday=21, tm_hour=16, tm_min=30, tm_sec=10, tm_wday=4, tm_yday=111, tm_isdst=0)","time.struct_time(tm_year=2017, tm_mon=4, tm_mday=21, tm_hour=16, tm_min=30, tm_sec=10, tm_wday=4, tm_yday=111, tm_isdst=0)",cs.AI,"[u'cs.AI', u'H.2.8; H.4.2']",1.0,25,38
[u'Brenda Praggastis'],"time.struct_time(tm_year=2016, tm_mon=12, tm_mday=1, tm_hour=19, tm_min=48, tm_sec=53, tm_wday=3, tm_yday=336, tm_isdst=0)","time.struct_time(tm_year=2016, tm_mon=12, tm_mday=1, tm_hour=19, tm_min=48, tm_sec=53, tm_wday=3, tm_yday=336, tm_isdst=0)",cs.NI,"[u'cs.NI', u'math.AT']",0.0,8,4
"[u'R. C. Brower', u'M. Cheng', u'G. T. Fleming', u'M. F. Lin', u'E. T. Neil', u'J. C. Osborn', u'C. Rebbi', u'E. Rinaldi', u'D. Schaich', u'C. Schroeder', u'G. Voronov', u'P. Vranas', u'E. Weinberg', u'O. Witzel']","time.struct_time(tm_year=2014, tm_mon=3, tm_mday=11, tm_hour=21, tm_min=22, tm_sec=57, tm_wday=1, tm_yday=70, tm_isdst=0)","time.struct_time(tm_year=2014, tm_mon=7, tm_mday=24, tm_hour=13, tm_min=23, tm_sec=47, tm_wday=3, tm_yday=205, tm_isdst=0)",hep-lat,[u'hep-lat'],0.07692307692307693,7,26
"[u'Guilherme S. Domingues', u'Filipi N. Silva', u'Cesar H. Comin', u'Luciano da F. Costa']","time.struct_time(tm_year=2017, tm_mon=9, tm_mday=24, tm_hour=19, tm_min=27, tm_sec=19, tm_wday=6, tm_yday=267, tm_isdst=0)","time.struct_time(tm_year=2017, tm_mon=10, tm_mday=13, tm_hour=17, tm_min=48, tm_sec=56, tm_wday=4, tm_yday=286, tm_isdst=0)",physics.soc-ph,[u'physics.soc-ph'],0.3333333333333333,11,26
"[u'Tullia Padellini', u'Pierpaolo Brutti']","time.struct_time(tm_year=2017, tm_mon=9, tm_mday=20, tm_hour=22, tm_min=45, tm_sec=27, tm_wday=2, tm_yday=263, tm_isdst=0)","time.struct_time(tm_year=2017, tm_mon=9, tm_mday=20, tm_hour=22, tm_min=45, tm_sec=27, tm_wday=2, tm_yday=263, tm_isdst=0)",stat.ML,"[u'stat.ML', u'math.ST', u'stat.TH']",1.0,16,24
"[u'William H. Guss', u'Ruslan Salakhutdinov']","time.struct_time(tm_year=2018, tm_mon=2, tm_mday=13, tm_hour=2, tm_min=32, tm_sec=10, tm_wday=1, tm_yday=44, tm_isdst=0)","time.struct_time(tm_year=2018, tm_mon=2, tm_mday=13, tm_hour=2, tm_min=32, tm_sec=10, tm_wday=1, tm_yday=44, tm_isdst=0)",cs.LG,"[u'cs.LG', u'cs.CG', u'cs.NE', u'math.AT', u'stat.ML']",1.0,13,95
"[u'N. Tufillaro', u'CNLS', u'T-13', u'Lanl']","time.struct_time(tm_year=1993, tm_mon=4, tm_mday=20, tm_hour=0, tm_min=10, tm_sec=10, tm_wday=1, tm_yday=110, tm_isdst=0)","time.struct_time(tm_year=1993, tm_mon=9, tm_mday=10, tm_hour=21, tm_min=5, tm_sec=12, tm_wday=4, tm_yday=253, tm_isdst=0)",chao-dyn,"[u'chao-dyn', u'comp-gas', u'nlin.CD', u'nlin.CG']",0.3333333333333333,13,53
"[u'Kevin Emmett', u'Daniel Rosenbloom', u'Pablo Camara', u'Raul Rabadan']","time.struct_time(tm_year=2014, tm_mon=6, tm_mday=18, tm_hour=3, tm_min=23, tm_sec=30, tm_wday=2, tm_yday=169, tm_isdst=0)","time.struct_time(tm_year=2014, tm_mon=6, tm_mday=18, tm_hour=3, tm_min=23, tm_sec=30, tm_wday=2, tm_yday=169, tm_isdst=0)",q-bio.QM,[u'q-bio.QM'],0.3333333333333333,5,22
[u'Bin Jiang'],"time.struct_time(tm_year=2006, tm_mon=12, tm_mday=1, tm_hour=11, tm_min=16, tm_sec=22, tm_wday=4, tm_yday=335, tm_isdst=0)","time.struct_time(tm_year=2008, tm_mon=2, tm_mday=18, tm_hour=15, tm_min=52, tm_sec=56, tm_wday=0, tm_yday=49, tm_isdst=0)",physics.data-an,[u'physics.data-an'],0.0,11,37
"[u'Stephan Bialonski', u'Marie-Therese Horstmann', u'Klaus Lehnertz']","time.struct_time(tm_year=2011, tm_mon=5, tm_mday=11, tm_hour=17, tm_min=32, tm_sec=38, tm_wday=2, tm_yday=131, tm_isdst=0)","time.struct_time(tm_year=2011, tm_mon=5, tm_mday=11, tm_hour=17, tm_min=32, tm_sec=38, tm_wday=2, tm_yday=131, tm_isdst=0)",physics.data-an,"[u'physics.data-an', u'cs.SI', u'physics.soc-ph']",0.5,9,52
"[u'Henry Adams', u'Atanas Atanasov', u'Gunnar Carlsson']","time.struct_time(tm_year=2011, tm_mon=12, tm_mday=9, tm_hour=0, tm_min=48, tm_sec=12, tm_wday=4, tm_yday=343, tm_isdst=0)","time.struct_time(tm_year=2014, tm_mon=9, tm_mday=26, tm_hour=22, tm_min=36, tm_sec=59, tm_wday=4, tm_yday=269, tm_isdst=0)",math.GN,[u'math.GN'],0.5,26,43
"[u'Liyan Jia', u'Jinsub Kim', u'Robert J. Thomas', u'Lang Tong']","time.struct_time(tm_year=2012, tm_mon=12, tm_mday=29, tm_hour=21, tm_min=8, tm_sec=36, tm_wday=5, tm_yday=364, tm_isdst=0)","time.struct_time(tm_year=2013, tm_mon=8, tm_mday=30, tm_hour=9, tm_min=55, tm_sec=4, tm_wday=4, tm_yday=242, tm_isdst=0)",math.NA,[u'math.NA'],0.3333333333333333,10,23
"[u'N. G. Phillips', u'A. Kogut']","time.struct_time(tm_year=2004, tm_mon=4, tm_mday=20, tm_hour=20, tm_min=35, tm_sec=23, tm_wday=1, tm_yday=111, tm_isdst=0)","time.struct_time(tm_year=2004, tm_mon=4, tm_mday=20, tm_hour=20, tm_min=35, tm_sec=23, tm_wday=1, tm_yday=111, tm_isdst=0)",astro-ph,[u'astro-ph'],1.0,16,18
"[u'Diego Garlaschelli', u'Maria I. Loffredo']","time.struct_time(tm_year=2006, tm_mon=9, tm_mday=1, tm_hour=10, tm_min=26, tm_sec=28, tm_wday=4, tm_yday=244, tm_isdst=0)","time.struct_time(tm_year=2008, tm_mon=8, tm_mday=7, tm_hour=14, tm_min=44, tm_sec=56, tm_wday=3, tm_yday=220, tm_isdst=0)",cond-mat.dis-nn,"[u'cond-mat.dis-nn', u'cond-mat.stat-mech', u'physics.data-an', u'physics.soc-ph']",1.0,5,22
"[u'G. Rocha', u'L. Cayon', u'R. Bowen', u'A. Canavezes', u'J. Silk', u'A. J. Banday', u'K. M. Gorski']","time.struct_time(tm_year=2002, tm_mon=5, tm_mday=10, tm_hour=13, tm_min=54, tm_sec=27, tm_wday=4, tm_yday=130, tm_isdst=0)","time.struct_time(tm_year=2002, tm_mon=5, tm_mday=10, tm_hour=13, tm_min=54, tm_sec=27, tm_wday=4, tm_yday=130, tm_isdst=0)",astro-ph,[u'astro-ph'],0.16666666666666666,10,16
"[u'Thomas J. X. Li', u'Christian M. Reidys']","time.struct_time(tm_year=2016, tm_mon=6, tm_mday=22, tm_hour=14, tm_min=3, tm_sec=2, tm_wday=2, tm_yday=174, tm_isdst=0)","time.struct_time(tm_year=2016, tm_mon=6, tm_mday=22, tm_hour=14, tm_min=3, tm_sec=2, tm_wday=2, tm_yday=174, tm_isdst=0)",math.CO,"[u'math.CO', u'q-bio.BM', u'q-bio.QM', u'stat.CO', u'05A16, 92E10, 92B05']",1.0,29,67
"[u'Irina Makarenko', u'Paul Bushby', u'Andrew Fletcher', u'Robin Henderson', u'Nikolay Makarenko', u'Anvar Shukurov']","time.struct_time(tm_year=2018, tm_mon=4, tm_mday=12, tm_hour=18, tm_min=50, tm_sec=54, tm_wday=3, tm_yday=102, tm_isdst=0)","time.struct_time(tm_year=2018, tm_mon=4, tm_mday=12, tm_hour=18, tm_min=50, tm_sec=54, tm_wday=3, tm_yday=102, tm_isdst=0)",physics.data-an,"[u'physics.data-an', u'astro-ph.GA']",0.2,22,1
"[u'Luciano da F. Costa', u'Olaf Sporns', u'Lucas Antiqueira', u'Maria das Gracas V. Nunes', u'Osvaldo N. Oliveira Jr']","time.struct_time(tm_year=2006, tm_mon=11, tm_mday=26, tm_hour=10, tm_min=37, tm_sec=19, tm_wday=6, tm_yday=330, tm_isdst=0)","time.struct_time(tm_year=2006, tm_mon=11, tm_mday=26, tm_hour=10, tm_min=37, tm_sec=19, tm_wday=6, tm_yday=330, tm_isdst=0)",physics.comp-ph,"[u'physics.comp-ph', u'cond-mat.stat-mech', u'physics.data-an']",0.25,16,20
"[u'Aghil Alaee', u'Hari K. Kunduri', u'Eduardo Mart\xednez-Pedroza']","time.struct_time(tm_year=2013, tm_mon=9, tm_mday=10, tm_hour=19, tm_min=1, tm_sec=50, tm_wday=1, tm_yday=253, tm_isdst=0)","time.struct_time(tm_year=2014, tm_mon=2, tm_mday=13, tm_hour=16, tm_min=25, tm_sec=39, tm_wday=3, tm_yday=44, tm_isdst=0)",gr-qc,"[u'gr-qc', u'hep-th']",0.5,26,48
"[u'Hadassah Shulman', u'Emil Prodan']","time.struct_time(tm_year=2010, tm_mon=11, tm_mday=24, tm_hour=18, tm_min=57, tm_sec=11, tm_wday=2, tm_yday=328, tm_isdst=0)","time.struct_time(tm_year=2010, tm_mon=11, tm_mday=24, tm_hour=18, tm_min=57, tm_sec=11, tm_wday=2, tm_yday=328, tm_isdst=0)",cond-mat.dis-nn,"[u'cond-mat.dis-nn', u'math-ph', u'math.MP']",1.0,5,17
[u'Matthew Kahle'],"time.struct_time(tm_year=2016, tm_mon=7, tm_mday=24, tm_hour=17, tm_min=15, tm_sec=47, tm_wday=6, tm_yday=206, tm_isdst=0)","time.struct_time(tm_year=2016, tm_mon=7, tm_mday=24, tm_hour=17, tm_min=15, tm_sec=47, tm_wday=6, tm_yday=206, tm_isdst=0)",math.CO,"[u'math.CO', u'math.AT', u'math.PR']",0.0,23,64
"[u'Clara Granell', u'Sergio Gomez', u'Alex Arenas']","time.struct_time(tm_year=2011, tm_mon=1, tm_mday=10, tm_hour=16, tm_min=50, tm_sec=50, tm_wday=0, tm_yday=10, tm_isdst=0)","time.struct_time(tm_year=2011, tm_mon=2, tm_mday=11, tm_hour=12, tm_min=22, tm_sec=13, tm_wday=4, tm_yday=42, tm_isdst=0)",physics.data-an,"[u'physics.data-an', u'physics.comp-ph']",0.5,9,35
"[u'Andrew J. Blumberg', u'Michael A. Mandell']","time.struct_time(tm_year=2013, tm_mon=9, tm_mday=25, tm_hour=19, tm_min=59, tm_sec=50, tm_wday=2, tm_yday=268, tm_isdst=0)","time.struct_time(tm_year=2013, tm_mon=9, tm_mday=25, tm_hour=19, tm_min=59, tm_sec=50, tm_wday=2, tm_yday=268, tm_isdst=0)",cs.CG,"[u'cs.CG', u'55U10, 68U05']",1.0,24,9
[u'Stephen Semmes'],"time.struct_time(tm_year=2007, tm_mon=9, tm_mday=21, tm_hour=18, tm_min=49, tm_sec=46, tm_wday=4, tm_yday=264, tm_isdst=0)","time.struct_time(tm_year=2007, tm_mon=9, tm_mday=21, tm_hour=18, tm_min=49, tm_sec=46, tm_wday=4, tm_yday=264, tm_isdst=0)",math.CA,[u'math.CA'],0.0,3,21
"[u'Kedi Wu', u'Guo-Wei Wei']","time.struct_time(tm_year=2017, tm_mon=12, tm_mday=9, tm_hour=21, tm_min=52, tm_sec=42, tm_wday=5, tm_yday=343, tm_isdst=0)","time.struct_time(tm_year=2017, tm_mon=12, tm_mday=9, tm_hour=21, tm_min=52, tm_sec=42, tm_wday=5, tm_yday=343, tm_isdst=0)",q-bio.QM,[u'q-bio.QM'],1.0,41,183
"[u'Fr\xe9d\xe9ric Chazal', u'Bertrand Michel']","time.struct_time(tm_year=2017, tm_mon=10, tm_mday=11, tm_hour=11, tm_min=53, tm_sec=32, tm_wday=2, tm_yday=284, tm_isdst=0)","time.struct_time(tm_year=2017, tm_mon=10, tm_mday=11, tm_hour=11, tm_min=53, tm_sec=32, tm_wday=2, tm_yday=284, tm_isdst=0)",math.ST,"[u'math.ST', u'cs.LG', u'math.AT', u'stat.ML', u'stat.TH']",1.0,38,109
[u'R. Aurich'],"time.struct_time(tm_year=2014, tm_mon=12, tm_mday=17, tm_hour=12, tm_min=8, tm_sec=26, tm_wday=2, tm_yday=351, tm_isdst=0)","time.struct_time(tm_year=2015, tm_mon=7, tm_mday=15, tm_hour=13, tm_min=55, tm_sec=7, tm_wday=2, tm_yday=196, tm_isdst=0)",astro-ph.CO,[u'astro-ph.CO'],0.0,11,69
"[u'J. Sanz', u'E. Cozzo', u'J. Borge-Holthoefer', u'Y. Moreno']","time.struct_time(tm_year=2012, tm_mon=2, tm_mday=16, tm_hour=15, tm_min=30, tm_sec=32, tm_wday=3, tm_yday=47, tm_isdst=0)","time.struct_time(tm_year=2012, tm_mon=2, tm_mday=16, tm_hour=15, tm_min=30, tm_sec=32, tm_wday=3, tm_yday=47, tm_isdst=0)",physics.bio-ph,"[u'physics.bio-ph', u'physics.soc-ph', u'q-bio.MN']",0.3333333333333333,10,38
"[u'Saba Emrani', u'Hamid Krim']","time.struct_time(tm_year=2014, tm_mon=10, tm_mday=2, tm_hour=17, tm_min=10, tm_sec=44, tm_wday=3, tm_yday=275, tm_isdst=0)","time.struct_time(tm_year=2014, tm_mon=10, tm_mday=2, tm_hour=17, tm_min=10, tm_sec=44, tm_wday=3, tm_yday=275, tm_isdst=0)",q-bio.QM,"[u'q-bio.QM', u'math.AT', u'q-bio.GN']",1.0,4,13
"[u'Gregory Henselman', u'Pawe\u0142 D\u0142otko']","time.struct_time(tm_year=2014, tm_mon=10, tm_mday=18, tm_hour=3, tm_min=11, tm_sec=45, tm_wday=5, tm_yday=291, tm_isdst=0)","time.struct_time(tm_year=2014, tm_mon=10, tm_mday=28, tm_hour=0, tm_min=31, tm_sec=51, tm_wday=1, tm_yday=301, tm_isdst=0)",math.AT,[u'math.AT'],1.0,5,23
"[u'Alex Cole', u'Gary Shiu']","time.struct_time(tm_year=2017, tm_mon=12, tm_mday=21, tm_hour=18, tm_min=55, tm_sec=42, tm_wday=3, tm_yday=355, tm_isdst=0)","time.struct_time(tm_year=2017, tm_mon=12, tm_mday=21, tm_hour=18, tm_min=55, tm_sec=42, tm_wday=3, tm_yday=355, tm_isdst=0)",astro-ph.CO,"[u'astro-ph.CO', u'hep-th']",1.0,22,56
"[u'Oded C. Guez', u'Avi Gozolchiani', u'Shlomo Havlin']","time.struct_time(tm_year=2014, tm_mon=7, tm_mday=23, tm_hour=14, tm_min=49, tm_sec=51, tm_wday=2, tm_yday=204, tm_isdst=0)","time.struct_time(tm_year=2014, tm_mon=7, tm_mday=23, tm_hour=14, tm_min=49, tm_sec=51, tm_wday=2, tm_yday=204, tm_isdst=0)",physics.ao-ph,"[u'physics.ao-ph', u'physics.data-an', u'physics.soc-ph']",0.5,8,35
"[u'Matteo Rucco', u'Lorenzo Falsetti', u'Damir Herman', u'Tanya Petrossian', u'Emanuela Merelli', u'Cinzia Nitti', u'Aldo Salvi']","time.struct_time(tm_year=2014, tm_mon=9, tm_mday=17, tm_hour=15, tm_min=8, tm_sec=15, tm_wday=2, tm_yday=260, tm_isdst=0)","time.struct_time(tm_year=2014, tm_mon=9, tm_mday=17, tm_hour=15, tm_min=8, tm_sec=15, tm_wday=2, tm_yday=260, tm_isdst=0)",physics.med-ph,"[u'physics.med-ph', u'q-bio.QM', u'J.2; J.3']",0.16666666666666666,20,38
[u'Fionn Murtagh'],"time.struct_time(tm_year=2007, tm_mon=2, tm_mday=7, tm_hour=23, tm_min=7, tm_sec=39, tm_wday=2, tm_yday=38, tm_isdst=0)","time.struct_time(tm_year=2007, tm_mon=2, tm_mday=7, tm_hour=23, tm_min=7, tm_sec=39, tm_wday=2, tm_yday=38, tm_isdst=0)",physics.data-an,[u'physics.data-an'],0.0,22,25
"[u'Ali Sydney', u'Caterina Scoglio', u'Mina Youssef', u'Phillip Schumm']","time.struct_time(tm_year=2008, tm_mon=11, tm_mday=20, tm_hour=7, tm_min=35, tm_sec=39, tm_wday=3, tm_yday=325, tm_isdst=0)","time.struct_time(tm_year=2009, tm_mon=9, tm_mday=25, tm_hour=20, tm_min=31, tm_sec=20, tm_wday=4, tm_yday=268, tm_isdst=0)",cs.NI,"[u'cs.NI', u'cs.PF', u'physics.data-an']",0.3333333333333333,12,30
[u'Renato Fabbri'],"time.struct_time(tm_year=2014, tm_mon=12, tm_mday=23, tm_hour=10, tm_min=31, tm_sec=20, tm_wday=1, tm_yday=357, tm_isdst=0)","time.struct_time(tm_year=2014, tm_mon=12, tm_mday=23, tm_hour=10, tm_min=31, tm_sec=20, tm_wday=1, tm_yday=357, tm_isdst=0)",cs.SI,"[u'cs.SI', u'physics.data-an', u'physics.soc-ph']",0.0,26,2
[u'David Cox'],"time.struct_time(tm_year=2016, tm_mon=8, tm_mday=8, tm_hour=0, tm_min=0, tm_sec=41, tm_wday=0, tm_yday=221, tm_isdst=0)","time.struct_time(tm_year=2016, tm_mon=8, tm_mday=8, tm_hour=0, tm_min=0, tm_sec=41, tm_wday=0, tm_yday=221, tm_isdst=0)",q-bio.NC,"[u'q-bio.NC', u'92-01']",0.0,10,3
"[u'Olga Chugreeva', u'Christof Melcher']","time.struct_time(tm_year=2017, tm_mon=5, tm_mday=29, tm_hour=13, tm_min=50, tm_sec=18, tm_wday=0, tm_yday=149, tm_isdst=0)","time.struct_time(tm_year=2017, tm_mon=5, tm_mday=29, tm_hour=13, tm_min=50, tm_sec=18, tm_wday=0, tm_yday=149, tm_isdst=0)",math.PR,"[u'math.PR', u'math.AP']",1.0,16,40
"[u'Christos Tzoumanekas', u'Doros N. Theodorou']","time.struct_time(tm_year=2006, tm_mon=2, tm_mday=23, tm_hour=15, tm_min=8, tm_sec=54, tm_wday=3, tm_yday=54, tm_isdst=0)","time.struct_time(tm_year=2006, tm_mon=2, tm_mday=23, tm_hour=15, tm_min=8, tm_sec=54, tm_wday=3, tm_yday=54, tm_isdst=0)",cond-mat.soft,"[u'cond-mat.soft', u'cond-mat.mtrl-sci']",1.0,4,0
"[u'Eli A. Meirom', u'Shie Mannor', u'Ariel Orda']","time.struct_time(tm_year=2014, tm_mon=12, tm_mday=29, tm_hour=22, tm_min=38, tm_sec=53, tm_wday=0, tm_yday=363, tm_isdst=0)","time.struct_time(tm_year=2014, tm_mon=12, tm_mday=29, tm_hour=22, tm_min=38, tm_sec=53, tm_wday=0, tm_yday=363, tm_isdst=0)",cs.GT,"[u'cs.GT', u'cs.NI']",0.5,15,27
"[u'Matthieu Latapy', u'Clemence Magnien', u'Frederic Ouedraogo']","time.struct_time(tm_year=2008, tm_mon=7, tm_mday=10, tm_hour=9, tm_min=34, tm_sec=19, tm_wday=3, tm_yday=192, tm_isdst=0)","time.struct_time(tm_year=2009, tm_mon=2, tm_mday=9, tm_hour=15, tm_min=43, tm_sec=16, tm_wday=0, tm_yday=40, tm_isdst=0)",cs.NI,[u'cs.NI'],0.5,8,29
"[u'Richard Clegg', u'Raul Landa', u'Uli Harder', u'Miguel Rio']","time.struct_time(tm_year=2009, tm_mon=4, tm_mday=5, tm_hour=15, tm_min=14, tm_sec=17, tm_wday=6, tm_yday=95, tm_isdst=0)","time.struct_time(tm_year=2009, tm_mon=4, tm_mday=5, tm_hour=15, tm_min=14, tm_sec=17, tm_wday=6, tm_yday=95, tm_isdst=0)",cs.NI,[u'cs.NI'],0.3333333333333333,14,19
"[u'D. Garlaschelli', u'T. Di Matteo', u'T. Aste', u'G. Caldarelli', u'M. I. Loffredo']","time.struct_time(tm_year=2007, tm_mon=1, tm_mday=2, tm_hour=21, tm_min=54, tm_sec=33, tm_wday=1, tm_yday=2, tm_isdst=0)","time.struct_time(tm_year=2007, tm_mon=1, tm_mday=2, tm_hour=21, tm_min=54, tm_sec=33, tm_wday=1, tm_yday=2, tm_isdst=0)",physics.soc-ph,"[u'physics.soc-ph', u'nlin.AO', u'q-fin.GN']",0.25,6,20
"[u'Alireza Dirafzoon', u'Alper Bozkurt', u'Edgar Lobaton']","time.struct_time(tm_year=2016, tm_mon=6, tm_mday=30, tm_hour=21, tm_min=23, tm_sec=17, tm_wday=3, tm_yday=182, tm_isdst=0)","time.struct_time(tm_year=2016, tm_mon=6, tm_mday=30, tm_hour=21, tm_min=23, tm_sec=17, tm_wday=3, tm_yday=182, tm_isdst=0)",cs.RO,"[u'cs.RO', u'math.AT', u'stat.ML']",0.5,13,41
"[u'Ann E. Sizemore', u'Jennifer Phillips-Cremins', u'Robert Ghrist', u'Danielle S. Bassett']","time.struct_time(tm_year=2018, tm_mon=6, tm_mday=13, tm_hour=17, tm_min=55, tm_sec=27, tm_wday=2, tm_yday=164, tm_isdst=0)","time.struct_time(tm_year=2018, tm_mon=6, tm_mday=13, tm_hour=17, tm_min=55, tm_sec=27, tm_wday=2, tm_yday=164, tm_isdst=0)",q-bio.QM,"[u'q-bio.QM', u'q-bio.NC', u'55-01']",0.3333333333333333,17,68
"[u'Pavel Petrov', u'Stephen T Rush', u'Zhichun Zhai', u'Christine H Lee', u'Peter T Kim', u'Giseon Heo']","time.struct_time(tm_year=2017, tm_mon=7, tm_mday=27, tm_hour=8, tm_min=28, tm_sec=15, tm_wday=3, tm_yday=208, tm_isdst=0)","time.struct_time(tm_year=2017, tm_mon=7, tm_mday=31, tm_hour=7, tm_min=9, tm_sec=27, tm_wday=0, tm_yday=212, tm_isdst=0)",q-bio.QM,"[u'q-bio.QM', u'stat.AP', u'62-07']",0.2,20,38
"[u'Maxime Soler', u'Melanie Plainchault', u'Bruno Conche', u'Julien Tierny']","time.struct_time(tm_year=2018, tm_mon=2, tm_mday=8, tm_hour=7, tm_min=35, tm_sec=43, tm_wday=3, tm_yday=39, tm_isdst=0)","time.struct_time(tm_year=2018, tm_mon=2, tm_mday=8, tm_hour=7, tm_min=35, tm_sec=43, tm_wday=3, tm_yday=39, tm_isdst=0)",eess.IV,"[u'eess.IV', u'cs.CG', u'cs.CV', u'cs.GR']",0.3333333333333333,10,48
"[u'Thomas Teh', u'Chaiyawan Auepanwiriyakul', u'John Alexander Harston', u'A. Aldo Faisal']","time.struct_time(tm_year=2018, tm_mon=3, tm_mday=14, tm_hour=17, tm_min=39, tm_sec=11, tm_wday=2, tm_yday=73, tm_isdst=0)","time.struct_time(tm_year=2018, tm_mon=5, tm_mday=30, tm_hour=17, tm_min=23, tm_sec=12, tm_wday=2, tm_yday=150, tm_isdst=0)",stat.ML,"[u'stat.ML', u'cs.LG']",0.3333333333333333,8,38
"[u'Paul Bendich', u'J. S. Marron', u'Ezra Miller', u'Alex Pieloch', u'Sean Skwerer']","time.struct_time(tm_year=2014, tm_mon=11, tm_mday=24, tm_hour=21, tm_min=27, tm_sec=54, tm_wday=0, tm_yday=328, tm_isdst=0)","time.struct_time(tm_year=2014, tm_mon=11, tm_mday=24, tm_hour=21, tm_min=27, tm_sec=54, tm_wday=0, tm_yday=328, tm_isdst=0)",stat.AP,[u'stat.AP'],0.25,19,36
"[u'Vahid Asghari', u'Reza Farrahi Moghaddam', u'Mohamed Cheriet']","time.struct_time(tm_year=2015, tm_mon=2, tm_mday=11, tm_hour=21, tm_min=12, tm_sec=11, tm_wday=2, tm_yday=42, tm_isdst=0)","time.struct_time(tm_year=2015, tm_mon=4, tm_mday=27, tm_hour=19, tm_min=59, tm_sec=57, tm_wday=0, tm_yday=117, tm_isdst=0)",cs.NI,"[u'cs.NI', u'cs.PF']",0.5,16,23
"[u'Xiaonan Hui', u'Shilie Zheng', u'Weite Zhang', u'Xiaofeng Jin', u'Hao Chi', u'Xianmin Zhang']","time.struct_time(tm_year=2015, tm_mon=7, tm_mday=9, tm_hour=4, tm_min=31, tm_sec=42, tm_wday=3, tm_yday=190, tm_isdst=0)","time.struct_time(tm_year=2015, tm_mon=7, tm_mday=9, tm_hour=4, tm_min=31, tm_sec=42, tm_wday=3, tm_yday=190, tm_isdst=0)",physics.data-an,"[u'physics.data-an', u'physics.class-ph']",0.2,10,21
"[u'J. Richard Gott III', u'Wesley N. Colley', u'Chan-Gyung Park', u'Changbom Park', u'Charles Mugnolo']","time.struct_time(tm_year=2006, tm_mon=10, tm_mday=25, tm_hour=22, tm_min=27, tm_sec=48, tm_wday=2, tm_yday=298, tm_isdst=0)","time.struct_time(tm_year=2006, tm_mon=10, tm_mday=25, tm_hour=22, tm_min=27, tm_sec=48, tm_wday=2, tm_yday=298, tm_isdst=0)",astro-ph,[u'astro-ph'],0.25,15,53
"[u'R. Matthias Geilhufe', u'Adrien Bouhon', u'Stanislav S. Borysov', u'Alexander V. Balatsky']","time.struct_time(tm_year=2016, tm_mon=10, tm_mday=25, tm_hour=10, tm_min=11, tm_sec=52, tm_wday=1, tm_yday=299, tm_isdst=0)","time.struct_time(tm_year=2017, tm_mon=1, tm_mday=3, tm_hour=9, tm_min=44, tm_sec=57, tm_wday=1, tm_yday=3, tm_isdst=0)",cond-mat.mtrl-sci,"[u'cond-mat.mtrl-sci', u'physics.data-an']",0.3333333333333333,6,59
"[u'Stefano Gurciullo', u'Michael Smallegan', u'Mar\xeda Pereda', u'Federico Battiston', u'Alice Patania', u'Sebastian Poledna', u'Daniel Hedblom', u'Bahattin Tolga Oztan', u'Alexander Herzog', u'Peter John', u'Slava Mikhaylov']","time.struct_time(tm_year=2015, tm_mon=10, tm_mday=13, tm_hour=17, tm_min=49, tm_sec=9, tm_wday=1, tm_yday=286, tm_isdst=0)","time.struct_time(tm_year=2015, tm_mon=10, tm_mday=13, tm_hour=17, tm_min=49, tm_sec=9, tm_wday=1, tm_yday=286, tm_isdst=0)",physics.soc-ph,"[u'physics.soc-ph', u'cs.CL', u'cs.SI', u'91F10']",0.1,24,41
"[u'Emilie Dufresne', u'Parker B. Edwards', u'Heather A. Harrington', u'Jonathan D. Hauenstein']","time.struct_time(tm_year=2018, tm_mon=2, tm_mday=21, tm_hour=18, tm_min=51, tm_sec=17, tm_wday=2, tm_yday=52, tm_isdst=0)","time.struct_time(tm_year=2018, tm_mon=2, tm_mday=21, tm_hour=18, tm_min=51, tm_sec=17, tm_wday=2, tm_yday=52, tm_isdst=0)",math.AT,"[u'math.AT', u'math.AG', u'math.NA']",0.3333333333333333,20,43
"[u'Chris Biemann', u'Monojit Choudhury', u'Animesh Mukherjee']","time.struct_time(tm_year=2009, tm_mon=6, tm_mday=8, tm_hour=11, tm_min=20, tm_sec=30, tm_wday=0, tm_yday=159, tm_isdst=0)","time.struct_time(tm_year=2009, tm_mon=6, tm_mday=8, tm_hour=11, tm_min=20, tm_sec=30, tm_wday=0, tm_yday=159, tm_isdst=0)",physics.data-an,"[u'physics.data-an', u'cs.CL']",0.5,5,22
"[u'Tarun Souradeep', u'Dmitry Pogosyan', u'J. Richard Bond']","time.struct_time(tm_year=1998, tm_mon=4, tm_mday=4, tm_hour=2, tm_min=19, tm_sec=7, tm_wday=5, tm_yday=94, tm_isdst=0)","time.struct_time(tm_year=1998, tm_mon=4, tm_mday=4, tm_hour=2, tm_min=19, tm_sec=7, tm_wday=5, tm_yday=94, tm_isdst=0)",astro-ph,[u'astro-ph'],0.5,4,11
"[u""Luca Dall'Asta""]","time.struct_time(tm_year=2007, tm_mon=6, tm_mday=26, tm_hour=8, tm_min=0, tm_sec=9, tm_wday=1, tm_yday=177, tm_isdst=0)","time.struct_time(tm_year=2007, tm_mon=6, tm_mday=26, tm_hour=8, tm_min=0, tm_sec=9, tm_wday=1, tm_yday=177, tm_isdst=0)",physics.soc-ph,"[u'physics.soc-ph', u'cond-mat.dis-nn', u'cs.NI', u'physics.data-an']",0.0,13,40
[u'Peter Sarlin'],"time.struct_time(tm_year=2012, tm_mon=8, tm_mday=9, tm_hour=6, tm_min=14, tm_sec=19, tm_wday=3, tm_yday=222, tm_isdst=0)","time.struct_time(tm_year=2012, tm_mon=8, tm_mday=9, tm_hour=6, tm_min=14, tm_sec=19, tm_wday=3, tm_yday=222, tm_isdst=0)",cs.LG,"[u'cs.LG', u'cs.DS']",0.0,21,51
"[u'Alejandro Erickson', u'Abbas Eslami Kiasari', u'Javier Navaridas', u'Iain A. Stewart']","time.struct_time(tm_year=2015, tm_mon=9, tm_mday=5, tm_hour=22, tm_min=40, tm_sec=58, tm_wday=5, tm_yday=248, tm_isdst=0)","time.struct_time(tm_year=2015, tm_mon=9, tm_mday=5, tm_hour=22, tm_min=40, tm_sec=58, tm_wday=5, tm_yday=248, tm_isdst=0)",cs.DC,"[u'cs.DC', u'C.2.1; B.4.3']",0.3333333333333333,9,16
"[u'A. N. Gorban', u'N. R. Sumner', u'A. Y. Zinovyev']","time.struct_time(tm_year=2007, tm_mon=12, tm_mday=31, tm_hour=1, tm_min=26, tm_sec=59, tm_wday=0, tm_yday=365, tm_isdst=0)","time.struct_time(tm_year=2007, tm_mon=12, tm_mday=31, tm_hour=1, tm_min=26, tm_sec=59, tm_wday=0, tm_yday=365, tm_isdst=0)",physics.data-an,"[u'physics.data-an', u'physics.bio-ph']",0.5,20,32
"[u'Mustafa Hajij', u'Bei Wang', u'Carlos Scheidegger', u'Paul Rosen']","time.struct_time(tm_year=2017, tm_mon=7, tm_mday=20, tm_hour=19, tm_min=13, tm_sec=55, tm_wday=3, tm_yday=201, tm_isdst=0)","time.struct_time(tm_year=2017, tm_mon=10, tm_mday=3, tm_hour=3, tm_min=30, tm_sec=17, tm_wday=1, tm_yday=276, tm_isdst=0)",cs.GR,"[u'cs.GR', u'cs.CG']",0.3333333333333333,11,55
"[u'S. Ahadpour', u'Y. Sadra']","time.struct_time(tm_year=2010, tm_mon=4, tm_mday=9, tm_hour=15, tm_min=55, tm_sec=59, tm_wday=4, tm_yday=99, tm_isdst=0)","time.struct_time(tm_year=2010, tm_mon=4, tm_mday=9, tm_hour=15, tm_min=55, tm_sec=59, tm_wday=4, tm_yday=99, tm_isdst=0)",nlin.CD,"[u'nlin.CD', u'cs.DS', u'physics.data-an']",1.0,13,20
[u'Matthew Pietrosanu'],"time.struct_time(tm_year=2016, tm_mon=11, tm_mday=28, tm_hour=23, tm_min=50, tm_sec=2, tm_wday=0, tm_yday=333, tm_isdst=0)","time.struct_time(tm_year=2016, tm_mon=11, tm_mday=28, tm_hour=23, tm_min=50, tm_sec=2, tm_wday=0, tm_yday=333, tm_isdst=0)",stat.AP,[u'stat.AP'],0.0,37,21
[u'Peter Saveliev'],"time.struct_time(tm_year=2011, tm_mon=1, tm_mday=11, tm_hour=3, tm_min=7, tm_sec=34, tm_wday=1, tm_yday=11, tm_isdst=0)","time.struct_time(tm_year=2011, tm_mon=4, tm_mday=28, tm_hour=22, tm_min=38, tm_sec=32, tm_wday=3, tm_yday=118, tm_isdst=0)",math.AT,"[u'math.AT', u'55']",0.0,9,9
"[u'Yen-Chi Chen', u'Daren Wang', u'Alessandro Rinaldo', u'Larry Wasserman']","time.struct_time(tm_year=2015, tm_mon=10, tm_mday=8, tm_hour=20, tm_min=45, tm_sec=2, tm_wday=3, tm_yday=281, tm_isdst=0)","time.struct_time(tm_year=2015, tm_mon=10, tm_mday=8, tm_hour=20, tm_min=45, tm_sec=2, tm_wday=3, tm_yday=281, tm_isdst=0)",stat.ME,"[u'stat.ME', u'stat.ML']",0.3333333333333333,10,31
"[u'Mustafa Hajij', u'Basem Assiri', u'Paul Rosen']","time.struct_time(tm_year=2017, tm_mon=12, tm_mday=11, tm_hour=7, tm_min=2, tm_sec=6, tm_wday=0, tm_yday=345, tm_isdst=0)","time.struct_time(tm_year=2017, tm_mon=12, tm_mday=12, tm_hour=2, tm_min=32, tm_sec=46, tm_wday=1, tm_yday=346, tm_isdst=0)",cs.CV,"[u'cs.CV', u'cs.DC', u'stat.ML']",0.5,14,48
"[u'Jo\xe3o Pita Costa', u'Mikael Vejdemo Johansson', u'Primo\u017e \u0160kraba']","time.struct_time(tm_year=2014, tm_mon=9, tm_mday=30, tm_hour=16, tm_min=15, tm_sec=39, tm_wday=1, tm_yday=273, tm_isdst=0)","time.struct_time(tm_year=2015, tm_mon=6, tm_mday=21, tm_hour=17, tm_min=0, tm_sec=45, tm_wday=6, tm_yday=172, tm_isdst=0)",math.RA,"[u'math.RA', u'cs.CG', u'math.CT', u'03G30, 06D22, 18B25']",0.5,18,35
"[u'Alireza Dirafzoon', u'Edgar Lobaton']","time.struct_time(tm_year=2014, tm_mon=10, tm_mday=17, tm_hour=3, tm_min=32, tm_sec=52, tm_wday=4, tm_yday=290, tm_isdst=0)","time.struct_time(tm_year=2014, tm_mon=10, tm_mday=17, tm_hour=3, tm_min=32, tm_sec=52, tm_wday=4, tm_yday=290, tm_isdst=0)",cs.RO,"[u'cs.RO', u'cs.SY', u'math.AT', u'stat.ML']",1.0,14,25
"[u'M. N. Chernodub', u'F. V. Gubarev', u'M. I. Polikarpov', u'V. I. Zakharov']","time.struct_time(tm_year=2000, tm_mon=3, tm_mday=1, tm_hour=15, tm_min=9, tm_sec=5, tm_wday=2, tm_yday=61, tm_isdst=0)","time.struct_time(tm_year=2000, tm_mon=3, tm_mday=1, tm_hour=15, tm_min=9, tm_sec=5, tm_wday=2, tm_yday=61, tm_isdst=0)",hep-ph,"[u'hep-ph', u'hep-lat', u'hep-th']",0.3333333333333333,11,33
